alpha,benchmark_channel,gauge_channel,hydrogenic_kernel_abs,schwarzschild_newtonian_kernel_abs,relative_correction,gauge_residual,reference_correction,sigma_digitization,absolute_difference,acceptance_threshold,passed
0.05,21+1->31-1,21+1->21-1,61152.95231999947,60831.84020305233,0.005250966711579763,7.501586867973549e-10,0.00152,0.002,0.003730966711579763,0.02,True
0.1,21+1->31-1,21+1->21-1,7644.119039999939,7482.53494784072,0.021138353721820158,2.815319788513026e-09,0.01726,0.002,0.0038783537218201568,0.02,True
0.15,21+1->31-1,21+1->21-1,2264.9241599999805,2155.9491213324523,0.048114210882685415,8.96585464357464e-11,0.04458,0.002,0.0035342108826854138,0.02,True
0.2,21+1->31-1,21+1->21-1,955.5148799999929,872.2454798377888,0.0871461051053487,1.002747423434621e-09,0.08687,0.002,0.0002761051053487007,0.02,True
