point_id,certified_kernel_M_real,certified_kernel_M_imag,certified_kernel_M_abs,independent_kernel_M_real,independent_kernel_M_imag,independent_kernel_M_abs,amplitude_relative_difference,phase_difference,contour_spread,shooting_wronskian_residual,angular_eigenvalue_relative_difference,status,message
a0.200000_21+1_21-1,-2.588832754261446,993.0368646790553,993.0402391981091,-2.588832722829636,993.036864155557,993.0402386745308,5.272478838186713e-10,3.027768099269171e-11,1.496170818568637e-16,2.5203964197529293e-09,1.687505560217443e-14,ok,fixed CF frequency; independent BVP/shooting/complex-contour normalization and quad reprojection
a0.250000_32+2_30+0,164.1092385355705,2294.938909593812,2300.7990874781653,164.1093454024945,2294.940485497591,2300.800666990592,6.865060210652526e-07,2.525144509835682e-09,1.1279182913265828e-13,5.069021456444578e-09,1.7381615684707218e-14,ok,fixed CF frequency; independent BVP/shooting/complex-contour normalization and quad reprojection
a0.350000_32+2_32+0,-1.1367831279857459,446.1247282334296,446.1261765658136,-1.1367864938061671,446.1261717515749,446.12762008784904,3.2356810949100366e-06,7.003562548769556e-10,8.542300525286353e-17,1.6133451545315407e-10,1.0774452156653147e-12,ok,fixed CF frequency; independent BVP/shooting/complex-contour normalization and quad reprojection
a0.400000_32+2_32+0,-1.4637339080367595,285.2330570916372,285.23681279735735,-1.4637385330850627,285.2339795605979,285.23773527790604,3.2340865810701373e-06,3.8141979854760247e-10,1.3922280145177453e-16,1.9393949065708543e-10,1.0800388985924842e-12,ok,fixed CF frequency; independent BVP/shooting/complex-contour normalization and quad reprojection
a0.450000_43+3_43+1,-0.6515643260456184,452.18411385148625,452.1845832795771,-0.6515650154124608,452.1841122355811,452.184581664667,3.571351532146103e-09,1.5296729562096007e-09,4.007495428317513e-29,4.630615304366274e-11,1.1932307121914947e-12,ok,fixed CF frequency; independent BVP/shooting/complex-contour normalization and quad reprojection
