{
  "schema_version": 2,
  "status": "atlas_certified",
  "atlas_gate_status": "atlas_certified",
  "input_certificate_status": "pre_atlas_certified",
  "implementation_failures": 0,
  "failure_counts": {
    "count": 0,
    "saturation": 0,
    "modes": 0,
    "kernels": 0,
    "audits": 0,
    "error_budgets": 0,
    "phenomenology": 0
  },
  "counts": {
    "saturation": 45,
    "modes": 120,
    "kernels": 75,
    "audits": 75,
    "error_budgets": 75,
    "phenomenology": 2475
  },
  "expected_counts": {
    "saturation": 45,
    "modes": 120,
    "kernels": 75,
    "audits": 75,
    "error_budgets": 75,
    "phenomenology": 2475
  },
  "code_sha256": "853b1cbe3ce31b684528636d57635a1949411607f1e301bd18f7295957a2fe8d",
  "config_sha256": "dcfde058e13da135d195c11dd5e22b1b27aa2a02b2117274c02454279f0bb121",
  "dependency_sha256": "db57a947e9324f0bfe717a42d4836bf1fb7572c7d1073f0ba9c5767412bc8686",
  "dependencies": {
    "python": "3.11.7",
    "numpy": "1.26.4",
    "scipy": "1.15.1",
    "sympy": "1.13.1"
  },
  "run_fingerprint": "27785654437e5ab86f4c8a1ca3e833a2ece78373c000930f77b85ba671471720",
  "dataset_sha256": "20d7abe357f5f5ac72d15ef65d4041e547640531ce323c1afca81569ceb629c7",
  "publication_valid_rows": 1137,
  "points_with_no_valid_q": [
    "a0.100000_32+2_30+0",
    "a0.125000_32+2_30+0",
    "a0.150000_32+2_30+0",
    "a0.150000_43+3_41+1",
    "a0.175000_32+2_30+0",
    "a0.175000_43+3_41+1",
    "a0.200000_32+2_30+0",
    "a0.200000_43+3_41+1",
    "a0.225000_32+2_30+0",
    "a0.225000_43+3_41+1",
    "a0.250000_21+1_21-1",
    "a0.250000_32+2_30+0",
    "a0.250000_43+3_41+1",
    "a0.275000_21+1_21-1",
    "a0.275000_32+2_30+0",
    "a0.275000_43+3_41+1",
    "a0.300000_21+1_21-1",
    "a0.300000_32+2_30+0",
    "a0.300000_43+3_41+1",
    "a0.325000_21+1_21-1",
    "a0.325000_32+2_30+0",
    "a0.325000_43+3_41+1",
    "a0.350000_21+1_21-1",
    "a0.350000_32+2_30+0",
    "a0.350000_43+3_41+1",
    "a0.375000_21+1_21-1",
    "a0.375000_32+2_30+0",
    "a0.375000_43+3_41+1",
    "a0.400000_21+1_21-1",
    "a0.400000_32+2_30+0",
    "a0.400000_43+3_41+1",
    "a0.425000_21+1_21-1",
    "a0.425000_32+2_30+0",
    "a0.425000_43+3_41+1",
    "a0.450000_21+1_21-1",
    "a0.450000_32+2_30+0",
    "a0.450000_43+3_41+1"
  ],
  "scientific_assessment": {
    "publication_kernel_points": 38,
    "no_valid_q_points": 37,
    "maximum_kernel_correction": 0.21667562790589667,
    "significant_kernel_points": [
      "a0.200000_21+1_21-1",
      "a0.225000_21+1_21-1",
      "a0.325000_32+2_32+0",
      "a0.350000_32+2_32+0",
      "a0.375000_32+2_32+0",
      "a0.400000_32+2_32+0",
      "a0.425000_32+2_32+0",
      "a0.450000_32+2_32+0"
    ],
    "maximum_depletion_change": 0.13798738532978327
  }
}