alpha,benchmark_channel,gauge_channel,hydrogenic_kernel_abs,schwarzschild_newtonian_kernel_abs,relative_correction,gauge_residual,reference_correction,sigma_digitization,absolute_difference,acceptance_threshold,passed
0.05,21+1->31-1,21+1->21-1,61152.95231999947,60831.83554411088,0.005251042896641578,7.509275813972234e-10,0.00152,0.002,0.0037310428966415778,0.02,True
0.1,21+1->31-1,21+1->21-1,7644.119039999939,7482.534797870583,0.021138373340841787,2.8435935649969094e-09,0.01726,0.002,0.0038783733408417863,0.02,True
0.15,21+1->31-1,21+1->21-1,2264.9241599999805,2155.949091285178,0.048114224149034435,4.373764885833198e-11,0.04458,0.002,0.003534224149034433,0.02,True
0.2,21+1->31-1,21+1->21-1,955.5148799999929,872.24547878144,0.08714610621087704,1.0383518226805854e-09,0.08687,0.002,0.00027610621087703624,0.02,True
